model,accuracy,precision,recall,f1_score
Logistic Regression,0.7333333333333333,0.875,0.7333333333333333,0.7564102564102565
Random Forest,0.8,0.9047619047619048,0.8,0.8267973856209151
Gradient Boosting,0.8,0.8148148148148148,0.8,0.8038277511961722
