model,accuracy,precision,recall,f1_score
Logistic Regression,0.6,0.7285714285714285,0.6,0.6222222222222221
Random Forest,0.8666666666666667,0.9111111111111111,0.8666666666666667,0.8733333333333334
Gradient Boosting,1.0,1.0,1.0,1.0
